brand,product_name,price,color
ADIDAS,nmd_r1 primeblue men's sneakers - black,690000,Hitam
NIKE,dunk low retro men's basketball shoes - white,774500,Putih
NIKE,zoom vomero 5 men's sneakers shoes - white,1244500,Putih
NEW BALANCE,530 unisex sneakers shoes - silver,1119300,Abu-abu
NEW BALANCE,new balance 530 unisex sneakers shoes - white/multi,1119300,Putih
NEW BALANCE,1906 men's sneakers shoes - black,2599000,Hitam
NEW BALANCE,530 unisex sneaker shoes - white,1599000,Putih
VANS,sk8-hi men's sneakers- black,549500,Hitam
NIKE,nike zoom vomero 5 men's sneakers shoes - lt orewood brn,1200000,Putih
ADIDAS,handball spezial men's sneakers - collegiate navy,1700000,Biru
NEW BALANCE,mr530 men's running shoes - white with natural indigo,1599000,Putih
NIKE,cortez men's sneakers shoes - black,779400,Hitam
NIKE,zoom vomero 5 men's sneakers shoes - metallic silver,1742300,Abu-abu
NEW BALANCE,new balance 530 unisex sneakers shoes - blue,959400,Biru
ADIDAS,samba og men's sneaker shoes - ftwr white,2200000,Putih
NIKE,p-6000 men's sneakers shoes - cave stone,1429000,Coklat
ADIDAS,superstar men's sneakers - core black,850000,Hitam
NIKE,p-6000 men's sneakers shoes - black,1429000,Hitam
NEW BALANCE,2002r men's sneakers - marblehead,2599000,Abu-abu
ASICS,gel-nyc unisex sneakers shoes - black,1999000,Hitam
NIKE,nike cortez men's sneakers shoes - white,649500,Putih
NEW BALANCE,new balance 2002 men's sneakers shoes - black,1999200,Hitam
NIKE,nike killshot 2 leather men's sneakers shoes - white,899400,Putih
CONVERSE,run star trainer unisex sneakers - egret/black/honey,1199000,Putih
NIKE,dunk low retro men's basketball shoes - white,1549000,Putih
NEW BALANCE,530 unisex sneakers shoes - white/pink,1599000,Putih
NEW BALANCE,1906 men's sneakers shoes - grey,2599000,Abu-abu
NIKE,zoom vomero 5 men's sneakers shoes - platinum tint,1244500,Abu-abu
NEW BALANCE,new balance 574 unisex's sneakers shoes - grey,749500,Abu-abu
NEW BALANCE,530 men's sneakers shoes - black/purple,1119300,Hitam
NEW BALANCE,530 unisex sneakers shoes - white/blue,799500,Putih
NEW BALANCE,1000 men's sneakers shoes - navy,2799000,Biru
NEW BALANCE,9060 unisex sneakers- stone pink with raincloud,1299500,Beige
ADIDAS,samba og men's sneakers - core black,2200000,Hitam
NIKE,air jordan 3 retro men's basketball shoes - black,3269000,Hitam
NEW BALANCE,2002 unisex sneakers shoes - ivory/grey,1499400,Neutral
NEW BALANCE,530 unisex sneakers shoes - grey,1599000,Abu-abu
ASICS,gel-nyc unisex sneakers shoes - black/black,2199000,Hitam
ASICS,fx gel-nyc unisex sneakers shoes - cream,1999000,Krem
VANS,old skool boys' play school sneakers shoes  - glow summer nights navy,479400,Biru
ON,cloud 6 men's sneakers shoes - black,2500000,Hitam
NEW BALANCE,2002 men's sneakers shoes - black,1999200,Hitam
ASICS,gel-nyc unisex sneakers shoes - cream/cream,2199000,Krem
VANS,old skool unisex sneakers shoes - black,999000,Hitam
NEW BALANCE,740 unisex sneakers shoes - white/blue,1799000,Putih
NEW BALANCE,9060 unisex sneakers shoes - black,1299500,Hitam
VANS,knu skool unisex sneakers shoes - black,1499000,Hitam
ASICS,fx gel-1130 unisex sneakers shoes - cemen'st grey/clay grey,1699000,Abu-abu
NIKE,air force 1 '07 men's basketball shoes - black,1549000,Hitam
NIKE,air jordan 1 low men's basketball shoes - white,1729000,Putih
NIKE,nike p-6000 men's sneakers shoes - phantom,1000300,Kuning
ADIDAS,sl 72 rs men's sneakers - grey,960000,Abu-abu
VANS,vans sport low unisex sneakers shoes - black,599500,Hitam
NEW BALANCE,530 unisex sneakers shoes - grey,1599000,Abu-abu
NIKE,zoom vomero 5 men's sneakers shoes - wolf grey/white,2489000,Abu-abu
NIKE,zoom vomero 5 men's sneakers shoes - black,2489000,Hitam
NIKE,air force 1 '07 men's basketball shoes - white,1549000,Putih
ON,on cloudmster men's sneakers shoes - white/ glacier,3000000,Putih
NIKE,v2k run men's sneakers shoes - wolf grey,1336300,Abu-abu
PUMA,suede xl men sneakers - black,1499000,Hitam
VANS,authentic lowpro unisex sneakers shoes - black,719200,Hitam
ASICS,fx gel-nyc unisex sneakers shoes - black,1999000,Hitam
NIKE,full force lo cob men's basketball shoes - white,774500,Putih
ASICS,japan s men's lifestyle shoes - white,769300,Putih
ADIDAS,adidas handball spezial men's sneakers - grey two,1700000,Abu-abu
ADIDAS,rivalry low men's sneakers - ftwr white,500000,Putih
ASICS,gel-1130 men's sneakers shoes - white,1119300,Putih
PUMA,palermo cannoli unisex lifestyle shoes - brown,1699000,Coklat
ADIDAS,adidas nmd_g1 men's sneakers shoes - night indigo,1000000,Biru
ON,on cloud 6 men's sneakers shoes - white,2500000,Putih
ADIDAS,adidas gazelle men's sneakers shoes - white,800000,Putih
ASICS,asics gel-nyc 2055 unisex sneakers shoes - glacier grey,1399300,Abu-abu
NEW BALANCE,530 unisex sneakers shoes - grey,1119300,Abu-abu
NIKE,air force 1 '07 men's basketball shoes - white,1084300,Putih
NEW BALANCE,1000 men's sneakers shoes - black,2799000,Hitam
NIKE,air force 1 '07 lv8 men's basketball shoes - phantom,1145400,Neutral
NIKE,dunk low retro men's basketball shoes - university red,929400,Merah
ADIDAS,campus 00s men's sneakers - core black,1700000,Hitam
NIKE,air max plus men's sneakers shoes - pure platinum,2489000,Abu-abu
CROCS,squid game classic unisex clog - multi,1499000,Multicolor
NIKE,nike calm mule men's sandals - flat pewter,748300,Abu-abu
NEW BALANCE,530 unisex sneakers shoes - black,1599000,Hitam
NEW BALANCE,530 unisex sneakers shoes - white/grey,1599000,Putih
NIKE,air max plus men's sneakers shoes - sequoia,2489000,Coklat
NIKE,zoom vomero 5 men's sneakers shoes - dark stucco,1742300,Hijau
NIKE,shox r4 men's sneakers shoes - white,1903200,Putih
CROCS,dragon ball z classic clog unisex - multi,1499000,Multicolor
SALOMON,xt - 6 unisex lifestyle shoes - white,3399000,Putih
NEW BALANCE,530 unisex sneakers- beige,1599000,Neutral
NEW BALANCE,550 unisex sneakers shoes - black,1259400,Hitam
ADIDAS,adidas gazelle men's sneakers - mineral green,1190000,Hijau
NEW BALANCE,530 unisex sneakers- white,1599000,Putih
ADIDAS,fx samba og men's sneakers shoes - warm vanilla,2000000,Beige
NIKE,air max 97 men's sneakers shoes - black,2389000,Hitam
NIKE,p-6000 men's sneakers shoes - khaki,1429000,Ungu
NEW BALANCE,mr530 men's running shoes - moonbeam with sea salt,1599000,Neutral
LACOSTE,lacoste men's croco dualiste synthetic logo strap slides - black/white,699300,Hitam
ADIDAS,adidas samba og men's sneakers - ftwr white,1440000,Putih
NIKE,air max plus prm men's sneakers shoes - white,2849000,Putih
NEW BALANCE,1906 unisex sneakers shoes - grey,2599000,Abu-abu
NIKE,nike air max dn men's sneakers shoes - white,1189500,Putih
VANS,authentic unisex sneakers shoes- black 2,899000,Hitam
NIKE,air jordan 1 low men's basketball shoes - white,1729000,Putih
NIKE,air max plus men's sneakers shoes - aqua,2669000,Biru
PUMA,army trainer unisex sneakers shoes - black,479700,Hitam
NIKE,jordan post men's sandals - black,459000,Hitam
NIKE,air jordan 4 retro men's basketball shoes - black,3329000,Hitam
CONVERSE,chuck 70 hi unisex sneakers - black,1299000,Hitam
ASICS,gel-venture 6 xx unisex sneakers shoes - white,1499000,Putih
ASICS,gel-nyc unisex sneakers shoes - reddish brown,1999000,Coklat
NEW BALANCE,9060 unisex sneakers shoes - brown/black,1559400,Coklat
ADIDAS,adidas sl 72 rs men's sneakers - night indigo,960000,Biru
ASICS,asics ex89 unisex sneakers shoes - steeple grey,1199400,Abu-abu
ASICS,gel-kayano 14 unisex sneakers shoes - birch,2299000,Perak
ADIDAS,handball spezial men's sneakers shoes - light blue,1700000,Biru
